kd_id,kd_start
1,2025/06/07
2,2025/02/08
3,2025/04/11
4,2025/10/30
5,2025/03/04
6,2025/05/26
7,2025/10/10
8,2024/12/26
9,2025/08/19
10,2025/01/17
11,2025/09/09
12,2024/12/28
13,2025/05/21
14,2025/08/16
15,2025/04/25
16,2025/03/24
17,2025/01/10
18,2025/07/18
19,2025/09/25
20,2025/04/20
21,2025/09/10
22,2025/10/05
23,2025/03/10
24,2025/03/09
25,2025/02/26
26,2025/09/13
27,2025/04/28
28,2025/08/27
29,2025/10/17
30,2025/07/04
31,2025/03/07
32,2024/12/03
33,2025/11/17
34,2025/10/17
35,2025/06/21
36,2025/01/06
37,2025/03/14
38,2025/03/02
39,2025/01/04
40,2025/11/08
41,2025/10/28
42,2025/07/04
43,2025/07/11
44,2025/07/22
45,2025/08/23
46,2025/06/23
47,2025/01/01
48,2025/05/11
49,2025/06/06
50,2025/02/10
51,2024/12/27
52,2025/06/14
53,2025/10/02
54,2025/02/14
55,2025/02/17
56,2025/02/13
57,2025/10/10
58,2025/09/01
59,2025/01/21
60,2025/09/06
61,2024/12/31
62,2025/07/26
63,2025/07/29
64,2025/01/10
65,2024/11/27
66,2025/03/03
67,2025/02/27
68,2025/03/22
69,2025/04/05
70,2025/07/20
71,2025/07/20
72,2025/11/11
73,2025/10/08
74,2025/06/14
75,2025/07/18
76,2025/08/06
77,2025/11/09
78,2024/12/29
79,2025/10/25
80,2025/03/20
81,2025/04/29
82,2025/07/10
83,2025/07/27
84,2025/08/31
85,2025/08/17
86,2025/11/02
87,2024/12/15
88,2025/08/07
89,2025/10/01
90,2025/05/21
91,2025/04/17
92,2024/11/23
93,2025/06/05
94,2025/10/24
95,2025/08/12
96,2025/03/18
97,2025/10/02
98,2025/05/14
99,2025/08/16
100,2025/04/12
101,2025/06/29
102,2025/01/09
103,2025/10/21
104,2025/04/28
105,2025/04/10
106,2025/06/27
107,2025/05/28
108,2025/10/21
109,2025/09/14
110,2025/11/09
111,2025/06/30
112,2025/01/23
113,2025/10/19
114,2025/02/05
115,2025/03/08
116,2025/09/01
117,2024/11/21
118,2024/12/25
119,2025/02/22
120,2025/09/23
121,2025/09/15
122,2025/01/29
123,2025/06/01
124,2025/03/15
125,2025/08/08
126,2025/06/20
127,2025/02/03
128,2025/02/17
129,2025/02/04
130,2025/08/16
131,2025/05/01
132,2025/11/08
133,2025/07/16
134,2025/03/28
135,2025/11/11
136,2025/08/24
137,2025/10/01
138,2025/04/06
139,2025/08/20
140,2025/05/31
141,2025/05/23
142,2025/01/26
143,2025/07/15
144,2025/01/15
145,2025/06/11
146,2025/11/01
147,2025/10/30
148,2025/09/27
149,2024/12/16
150,2025/03/26
151,2025/04/22
152,2025/01/02
153,2025/11/03
154,2025/10/09
155,2025/08/11
156,2025/09/10
157,2025/04/16
158,2025/10/31
159,2025/06/18
160,2024/12/21
161,2025/10/20
162,2025/03/14
163,2025/03/09
164,2025/01/06
165,2025/03/02
166,2025/07/20
167,2025/05/09
168,2025/05/02
169,2025/06/23
170,2025/02/01
171,2024/12/22
172,2025/04/28
173,2024/12/16
174,2025/05/01
175,2025/06/22
176,2025/08/03
177,2025/09/18
178,2025/07/20
179,2024/12/02
180,2025/07/21
181,2025/10/01
182,2025/08/21
183,2025/07/22
184,2025/04/13
185,2025/06/15
186,2025/01/11
187,2025/01/02
188,2025/07/01
189,2025/06/06
190,2025/08/20
191,2025/04/10
192,2025/09/21
193,2025/01/16
194,2024/12/17
195,2025/01/21
196,2025/03/08
197,2025/09/15
198,2025/10/28
199,2025/10/12
200,2025/08/25
201,2025/01/25
202,2025/11/18
203,2024/12/19
204,2025/04/03
205,2025/09/09
206,2025/06/13
207,2025/01/05
208,2025/05/05
209,2025/05/11
210,2025/09/20
211,2025/04/11
212,2025/01/06
213,2025/11/14
214,2025/03/17
215,2025/08/18
216,2024/12/09
217,2025/03/16
218,2024/12/01
219,2025/01/02
220,2024/12/18
221,2025/10/12
222,2025/09/22
223,2025/08/21
224,2024/12/20
225,2025/01/16
226,2025/07/11
227,2025/08/14
228,2025/02/21
229,2025/03/03
230,2025/01/19
231,2025/06/22
232,2025/03/14
233,2025/01/01
234,2025/08/26
235,2025/03/20
236,2025/02/08
237,2025/01/28
238,2025/05/08
239,2025/01/24
240,2025/02/15
241,2025/03/23
242,2024/12/06
243,2025/06/13
244,2025/02/08
245,2025/01/15
246,2025/08/19
247,2025/06/03
248,2025/02/17
249,2025/07/13
250,2025/05/11
251,2025/11/01
252,2025/07/29
253,2025/06/21
254,2025/06/14
255,2025/09/12
256,2025/06/24
257,2025/02/14
258,2024/12/19
259,2025/02/23
260,2025/06/12
261,2025/04/05
262,2025/06/11
263,2025/03/21
264,2025/03/18
265,2025/05/15
266,2025/08/14
267,2025/07/05
268,2024/12/25
269,2025/08/06
270,2025/05/28
271,2024/12/04
272,2025/09/22
273,2025/01/28
274,2025/09/28
275,2025/04/23
276,2025/01/30
277,2025/02/24
278,2025/09/04
279,2025/07/01
280,2025/01/14
281,2025/10/24
282,2024/12/10
283,2025/06/28
284,2025/09/17
285,2024/12/03
286,2025/07/06
287,2025/08/17
288,2024/11/20
289,2025/07/13
290,2025/02/22
291,2025/05/30
292,2025/09/21
293,2025/10/18
294,2025/10/08
295,2025/09/13
296,2025/08/23
297,2025/07/18
298,2025/10/17
299,2025/07/02
300,2025/07/18
301,2025/08/07
302,2025/03/30
303,2025/09/11
304,2025/11/10
305,2025/01/23
306,2024/12/31
307,2025/07/25
308,2024/11/29
309,2025/03/07
310,2025/07/09
311,2025/05/14
312,2025/04/29
313,2025/02/20
314,2025/06/11
315,2025/02/21
316,2024/12/26
317,2025/08/12
318,2024/12/19
319,2025/01/22
320,2025/06/28
321,2025/05/28
322,2025/09/20
323,2025/09/08
324,2024/12/15
325,2025/04/11
326,2024/11/28
327,2025/05/08
328,2025/05/09
329,2025/02/22
330,2025/07/22
331,2025/08/21
332,2025/10/12
333,2025/01/21
334,2025/04/18
335,2025/10/08
336,2025/04/17
337,2025/03/07
338,2025/04/07
339,2025/10/24
340,2025/08/27
341,2025/04/27
342,2025/01/09
343,2024/12/29
344,2025/07/15
345,2025/04/06
346,2025/11/10
347,2025/11/03
348,2025/05/20
349,2025/07/15
350,2025/02/15
351,2025/02/05
352,2025/03/22
353,2025/09/23
354,2025/08/15
355,2025/02/13
356,2025/02/01
357,2025/03/15
358,2025/07/09
359,2025/02/05
360,2024/11/30
361,2025/10/26
362,2025/10/28
363,2025/01/09
364,2024/11/29
365,2025/01/30
366,2025/04/27
367,2025/11/01
368,2025/03/15
369,2025/11/18
370,2025/11/14
371,2024/12/07
372,2025/06/02
373,2025/06/12
374,2025/01/12
375,2024/11/22
376,2025/03/09
377,2025/08/23
378,2025/07/24
379,2025/03/12
380,2025/08/08
381,2025/06/02
382,2025/06/13
383,2025/05/27
384,2025/01/06
385,2025/05/27
386,2024/12/26
387,2024/12/02
388,2024/12/05
389,2025/06/18
390,2025/05/20
391,2024/12/25
392,2025/07/04
393,2025/04/10
394,2025/01/10
395,2025/01/03
396,2025/09/23
397,2025/05/17
398,2025/08/15
399,2025/05/20
400,2025/11/04
401,2025/02/24
402,2025/11/11
403,2025/03/28
404,2024/11/27
405,2025/07/26
406,2025/05/26
407,2025/05/10
408,2025/10/08
409,2025/09/04
410,2025/03/12
411,2025/02/21
412,2025/09/16
413,2025/08/13
414,2025/03/06
415,2025/11/17
416,2025/05/19
417,2025/10/12
418,2025/02/10
419,2025/06/20
420,2025/06/09
421,2025/10/21
422,2025/01/28
423,2025/02/23
424,2025/01/26
425,2025/04/05
426,2025/04/26
427,2025/10/14
428,2025/01/11
429,2025/10/08
430,2025/06/20
431,2024/12/05
432,2025/11/01
433,2025/09/25
434,2025/10/18
435,2024/11/27
436,2025/06/06
437,2025/09/23
438,2025/01/06
439,2025/03/06
440,2025/05/31
441,2025/11/16
442,2025/09/10
443,2025/06/24
444,2025/02/11
445,2025/01/29
446,2025/03/18
447,2025/01/12
448,2025/03/08
449,2024/12/18
450,2025/09/08
451,2025/06/09
452,2025/03/16
453,2025/09/19
454,2025/10/24
455,2025/03/03
456,2025/05/11
457,2025/03/23
458,2025/09/23
459,2025/07/10
460,2025/09/03
461,2025/06/21
462,2024/12/06
463,2024/12/15
464,2025/07/27
465,2025/02/13
466,2025/02/18
467,2025/10/05
468,2025/09/06
469,2024/12/23
470,2025/11/14
471,2025/06/02
472,2025/08/11
473,2025/09/21
474,2025/07/27
475,2025/04/02
476,2025/01/30
477,2024/11/27
478,2025/07/23
479,2025/03/22
480,2025/07/12
481,2025/09/19
482,2025/01/05
483,2025/06/11
484,2025/08/31
485,2025/07/03
486,2025/01/25
487,2025/02/01
488,2025/11/09
489,2025/11/17
490,2025/10/13
491,2025/04/14
492,2025/07/13
493,2025/09/18
494,2024/12/15
495,2025/02/03
496,2025/01/24
497,2024/11/30
498,2025/08/19
499,2025/11/18
500,2025/10/02
501,2025/04/26
502,2024/12/12
503,2025/05/11
504,2025/09/16
505,2025/03/24
506,2025/09/24
507,2024/12/26
508,2025/02/02
509,2025/10/19
510,2025/02/11
511,2025/08/26
512,2025/09/07
513,2025/05/29
514,2024/12/02
515,2025/05/22
516,2025/07/16
517,2025/04/28
518,2025/01/03
519,2025/09/14
520,2025/10/17
521,2025/03/15
522,2025/05/07
523,2025/11/18
524,2025/06/16
525,2025/01/21
526,2025/02/13
527,2025/08/02
528,2025/03/30
529,2025/01/13
530,2025/01/20
531,2025/04/10
532,2025/08/02
533,2025/01/11
534,2025/02/06
535,2025/02/01
536,2025/09/21
537,2025/09/29
538,2025/10/24
539,2025/05/22
540,2025/09/30
541,2025/01/02
542,2025/02/12
543,2025/05/28
544,2025/05/27
545,2025/06/30
546,2025/04/01
547,2025/05/21
548,2025/03/06
549,2025/03/18
550,2024/12/24
551,2025/09/14
552,2024/12/05
553,2025/11/04
554,2025/03/16
555,2024/12/07
556,2025/08/04
557,2025/07/28
558,2025/05/11
559,2025/11/09
560,2025/06/04
561,2025/07/21
562,2025/11/09
563,2025/08/21
564,2025/10/30
565,2025/01/05
566,2025/08/15
567,2025/08/25
568,2025/01/16
569,2025/04/11
570,2025/01/17
571,2025/03/10
572,2025/01/26
573,2025/06/10
574,2025/07/28
575,2025/09/04
576,2025/10/12
577,2025/06/25
578,2025/05/24
579,2025/04/22
580,2025/08/07
581,2025/04/04
582,2025/07/01
583,2025/07/07
584,2025/09/02
585,2025/11/10
586,2025/11/16
587,2025/01/31
588,2025/02/10
589,2025/01/01
590,2025/06/08
591,2025/08/17
592,2025/08/31
593,2025/05/17
594,2025/03/10
595,2025/04/16
596,2025/10/28
597,2025/04/19
598,2025/06/16
599,2024/12/29
600,2025/04/14
601,2024/12/21
602,2025/11/02
603,2025/05/29
604,2025/02/28
605,2025/01/26
606,2025/02/05
607,2025/07/08
608,2025/09/07
609,2025/08/30
610,2025/01/15
611,2025/07/18
612,2025/02/17
613,2025/04/21
614,2025/08/24
615,2025/07/03
616,2025/07/27
617,2025/01/24
618,2025/08/03
619,2025/02/26
620,2025/10/21
621,2025/02/20
622,2025/11/05
623,2025/03/04
624,2024/12/25
625,2025/04/22
626,2024/12/07
627,2024/12/30
628,2025/03/20
629,2025/09/20
630,2025/01/08
631,2025/08/16
632,2025/01/22
633,2025/04/29
634,2025/04/02
635,2025/05/22
636,2024/12/29
637,2025/03/18
638,2025/07/11
639,2025/09/03
640,2025/02/22
641,2025/08/25
642,2025/05/14
643,2025/02/17
644,2025/02/09
645,2025/08/10
646,2025/08/08
647,2025/07/05
648,2025/01/22
649,2025/02/12
650,2024/12/07
651,2025/04/07
652,2025/03/02
653,2025/07/13
654,2025/07/20
655,2025/05/29
656,2025/10/06
657,2025/10/11
658,2025/04/18
659,2025/07/21
660,2025/04/26
661,2025/05/21
662,2025/06/13
663,2025/06/13
664,2025/06/22
665,2025/01/24
666,2025/06/21
667,2025/08/17
668,2025/11/04
669,2025/08/05
670,2025/08/17
671,2025/02/12
672,2025/06/24
673,2025/06/12
674,2025/02/15
675,2025/02/18
676,2025/06/17
677,2025/07/17
678,2025/11/19
679,2025/04/20
680,2025/02/28
681,2025/04/30
682,2025/01/04
683,2024/12/30
684,2025/07/28
685,2025/05/12
686,2025/04/02
687,2025/10/26
688,2025/01/23
689,2025/07/25
690,2025/02/18
691,2025/02/14
692,2025/08/03
693,2024/12/21
694,2025/11/13
695,2025/08/24
696,2025/10/04
697,2024/11/26
698,2025/05/24
699,2025/04/02
700,2025/10/21
701,2025/11/08
702,2025/05/22
703,2025/02/19
704,2025/10/22
705,2025/02/25
706,2025/06/20
707,2025/11/10
708,2024/11/28
709,2025/05/08
710,2025/06/19
711,2024/12/13
712,2025/06/16
713,2025/10/24
714,2025/02/15
715,2025/04/06
716,2025/03/19
717,2024/12/23
718,2025/08/06
719,2025/06/29
720,2025/08/23
721,2025/04/17
722,2025/07/13
723,2025/01/08
724,2025/07/03
725,2025/03/16
726,2025/01/22
727,2025/09/28
728,2025/01/15
729,2025/10/10
730,2025/05/04
731,2025/05/15
732,2025/01/28
733,2025/07/11
734,2025/03/18
735,2025/09/16
736,2025/01/10
737,2025/06/15
738,2025/04/10
739,2024/12/05
740,2025/07/19
741,2025/04/09
742,2025/09/12
743,2025/11/18
744,2025/07/20
745,2025/06/12
746,2025/04/10
747,2025/06/16
748,2024/11/28
749,2025/09/09
750,2025/08/26
751,2024/12/05
752,2025/08/31
753,2025/06/27
754,2025/04/10
755,2024/12/17
756,2025/01/19
757,2025/02/14
758,2025/05/04
759,2025/09/27
760,2025/08/01
761,2025/08/22
762,2025/04/17
763,2024/11/27
764,2025/02/03
765,2025/02/06
766,2025/07/04
767,2025/02/02
768,2025/03/15
769,2025/04/15
770,2025/03/20
771,2025/09/17
772,2025/09/19
773,2025/01/14
774,2024/11/25
775,2025/07/26
776,2024/11/29
777,2025/11/12
778,2025/11/11
779,2025/04/24
780,2025/06/01
781,2025/07/03
782,2025/07/07
783,2025/02/25
784,2025/01/21
785,2025/10/23
786,2025/06/13
787,2025/06/13
788,2025/04/13
789,2025/04/15
790,2025/08/22
791,2025/08/29
792,2025/01/02
793,2025/07/31
794,2025/08/31
795,2025/06/09
796,2025/05/26
797,2024/12/05
798,2025/10/06
799,2025/07/15
800,2025/07/07
801,2025/07/05
802,2025/11/01
803,2024/11/23
804,2025/07/23
805,2025/08/26
806,2025/03/08
807,2025/10/06
808,2024/11/22
809,2025/07/29
810,2025/06/02
811,2025/03/19
812,2025/04/07
813,2025/05/21
814,2025/08/20
815,2025/10/08
816,2025/06/12
817,2025/01/16
818,2025/02/16
819,2025/08/25
820,2025/09/30
821,2025/06/28
822,2025/02/20
823,2025/02/19
824,2025/04/22
825,2025/05/19
826,2025/09/20
827,2024/12/07
828,2025/03/02
829,2024/11/24
830,2025/03/31
831,2025/10/08
832,2025/11/13
833,2025/07/14
834,2025/02/19
835,2025/11/01
836,2025/01/25
837,2025/03/10
838,2025/03/11
839,2024/12/15
840,2025/06/05
841,2025/05/01
842,2025/07/27
843,2025/07/06
844,2025/09/18
845,2024/12/09
846,2025/06/06
847,2025/03/14
848,2025/01/27
849,2025/08/30
850,2025/01/02
851,2025/06/23
852,2024/12/30
853,2025/03/03
854,2025/08/03
855,2025/07/23
856,2025/09/16
857,2025/01/29
858,2025/06/16
859,2025/03/22
860,2025/01/14
861,2025/02/08
862,2025/04/20
863,2025/08/20
864,2025/09/16
865,2025/05/07
866,2025/08/16
867,2025/07/27
868,2025/09/01
869,2025/08/14
870,2025/10/02
871,2025/08/29
872,2025/07/26
873,2024/12/11
874,2025/08/18
875,2025/05/24
876,2025/09/12
877,2025/04/11
878,2025/11/01
879,2025/05/24
880,2025/07/30
881,2024/12/10
882,2025/09/11
883,2024/12/17
884,2025/02/15
885,2025/02/05
886,2025/01/01
887,2025/04/09
888,2025/06/06
889,2024/11/21
890,2025/11/17
891,2025/03/10
892,2025/10/27
893,2025/04/23
894,2025/02/05
895,2024/12/31
896,2025/08/31
897,2025/01/26
898,2025/04/26
899,2025/03/17
900,2025/01/13
901,2024/12/08
902,2025/05/07
903,2025/08/12
904,2025/04/23
905,2025/04/26
906,2025/06/01
907,2025/02/19
908,2025/06/22
909,2024/12/25
910,2025/05/06
911,2025/06/24
912,2025/06/16
913,2025/06/14
914,2025/07/14
915,2025/07/22
916,2024/12/26
917,2025/04/02
918,2025/07/17
919,2024/12/30
920,2025/06/24
921,2025/06/06
922,2025/02/15
923,2025/08/26
924,2025/07/15
925,2025/06/29
926,2025/01/14
927,2025/02/11
928,2025/04/14
929,2025/05/15
930,2025/07/24
931,2025/08/09
932,2025/01/30
933,2025/07/27
934,2025/08/07
935,2025/02/18
936,2025/01/27
937,2025/03/25
938,2025/09/26
939,2025/06/29
940,2025/03/02
941,2025/10/03
942,2025/02/03
943,2025/10/03
944,2025/01/17
945,2024/11/30
946,2025/09/15
947,2024/12/23
948,2025/05/01
949,2025/03/14
950,2025/05/09
951,2025/10/06
952,2025/06/08
953,2024/12/08
954,2025/10/27
955,2025/04/23
956,2025/02/24
957,2024/12/01
958,2025/03/14
959,2025/08/20
960,2025/01/20
961,2024/12/01
962,2025/06/25
963,2025/04/30
964,2025/09/30
965,2025/02/24
966,2025/10/09
967,2025/01/08
968,2025/03/26
969,2024/12/01
970,2024/12/14
971,2025/07/04
972,2024/12/16
973,2024/12/20
974,2025/05/14
975,2025/05/23
976,2025/08/06
977,2025/07/30
978,2024/11/21
979,2025/06/04
980,2025/06/27
981,2024/11/21
982,2025/09/03
983,2025/02/15
984,2025/10/29
985,2025/10/28
986,2025/02/05
987,2025/05/10
988,2025/09/19
989,2024/11/30
990,2025/11/02
991,2025/07/27
992,2025/09/04
993,2025/07/12
994,2025/01/17
995,2025/08/18
996,2025/08/23
997,2025/03/31
998,2025/11/17
999,2025/08/08
1000,2025/10/17
